{
    "data": {
        "nodes": {
            "_subscribers": {
                "*": [],
                "add": [
                    {}
                ],
                "remove": [
                    {}
                ],
                "update": [
                    {}
                ]
            },
            "_options": {},
            "_data": {
                "1": {
                    "id": 1,
                    "x": 82.37791763435075,
                    "y": -95.59930403803712,
                    "label": "1"
                },
                "2": {
                    "id": 2,
                    "x": 260.8970773601425,
                    "y": -10.15743654022829,
                    "label": "2"
                },
                "3": {
                    "id": 3,
                    "x": 44.64536201107389,
                    "y": 201.6123779725902,
                    "label": "4"
                },
                "4": {
                    "id": 4,
                    "x": -80.84786140392966,
                    "y": 146.70909272852614,
                    "label": "3"
                },
                "5": {
                    "id": 5,
                    "x": 42.404411592948826,
                    "y": 16.73396847727245,
                    "label": "5"
                }
            },
            "length": 5,
            "_idProp": "id",
            "_type": {}
        },
        "edges": {
            "_subscribers": {
                "*": [],
                "add": [
                    {}
                ],
                "remove": [
                    {}
                ],
                "update": [
                    {}
                ]
            },
            "_options": {},
            "_data": {
                "1": {
                    "from": 1,
                    "to": 2,
                    "label": "1.2",
                    "id": "1",
                    "color": {}
                },
                "2": {
                    "from": 2,
                    "to": 5,
                    "label": "2.3",
                    "id": "2",
                    "color": {}
                },
                "3": {
                    "from": 1,
                    "to": 5,
                    "label": "0.1",
                    "id": 3,
                    "color": {}
                },
                "4": {
                    "from": 5,
                    "to": 4,
                    "label": "-8.4",
                    "id": 4,
                    "color": {}
                },
                "5": {
                    "from": 5,
                    "to": 3,
                    "label": "4.6",
                    "id": 5,
                    "color": {}
                },
                "6": {
                    "from": 3,
                    "to": 4,
                    "label": "0.3",
                    "id": "6",
                    "color": {}
                }
            },
            "length": 6,
            "_idProp": "id",
            "_type": {}
        }
    },
    "options": {
        "locale": "pt-br",
        "manipulation": {
            "enabled": false
        },
        "edges": {
            "font": {
                "color": "#ffffff",
                "strokeWidth": 0,
                "size": 18
            }
        },
        "nodes": {
            "color": {
                "border": "#698B69",
                "background": "#458B74",
                "highlight": {
                    "border": "#698B69",
                    "background": "#4f6e4f"
                }
            },
            "font": {
                "color": "white"
            }
        },
        "physics": {
            "enabled": true,
            "forceAtlas2Based": {
                "gravitationalConstant": -50,
                "centralGravity": 0.01,
                "springConstant": 0.02,
                "springLength": 100,
                "damping": 0.4,
                "avoidOverlap": 0
            },
            "maxVelocity": 50,
            "minVelocity": 0.1,
            "solver": "forceAtlas2Based",
            "stabilization": {
                "enabled": true,
                "iterations": 1000,
                "updateInterval": 100,
                "onlyDynamicEdges": false,
                "fit": true
            },
            "timestep": 0.5,
            "adaptiveTimestep": true
        }
    },
    "ponderado": true,
    "ordenado": false
}